Metric,All Features,Selected Features
Mean Absolute Error,9.567466666666666,4.4930666666666745
Mean Squared Error,117.57687992666666,29.446340980000013
R^2 Score,-0.20697280120429018,0.6977217572024843
